annee,age,population
2014,0,745534
2014,1,761096
2014,2,768965
2014,3,789581
2014,4,787749
2014,5,794701
2014,6,789436
2014,7,804762
2014,8,787686
2014,9,785330
2014,10,781079
2014,11,786149
2014,12,800657
2014,13,815921
2014,14,779830
2014,15,777781
2014,16,763325
2014,17,771399
2014,18,760707
2014,19,737020
2014,20,726956
2014,21,757185
2014,22,759823
2014,23,766217
2014,24,762076
2014,25,766589
2014,26,763215
2014,27,775243
2014,28,772150
2014,29,768766
2014,30,760544
2014,31,810719
2014,32,820560
2014,33,833571
2014,34,789760
2014,35,776858
2014,36,784509
2014,37,765860
2014,38,789205
2014,39,835413
2014,40,885134
2014,41,905046
2014,42,899618
2014,43,884263
2014,44,871118
2014,45,863981
2014,46,860131
2014,47,880072
2014,48,883081
2014,49,893705
2014,50,883748
2014,51,851546
2014,52,855239
2014,53,850981
2014,54,846683
2014,55,828126
2014,56,825830
2014,57,818509
2014,58,809587
2014,59,809924
2014,60,792547
2014,61,805198
2014,62,786272
2014,63,815291
2014,64,799247
2014,65,795471
2014,66,779800
2014,67,738707
2014,68,553736
2014,69,539653
2014,70,524410
2014,71,483336
2014,72,430263
2014,73,445825
2014,74,464955
2014,75,455493
2014,76,443319
2014,77,438883
2014,78,424501
2014,79,423151
2014,80,397156
2014,81,398775
2014,82,374826
2014,83,357273
2014,84,318497
2014,85,294229
2014,86,264979
2014,87,241181
2014,88,216084
2014,89,184710
2014,90,160392
2014,91,136572
2014,92,114555
2014,93,93716
2014,94,44687
2014,95,29592
2014,96,20428
2014,97,13725
2014,98,11809
2014,99,13054
2014,100,21411
2015,0,738452
2015,1,747966
2015,2,763320
2015,3,774126
2015,4,796730
2015,5,793502
2015,6,799667
2015,7,794508
2015,8,810140
2015,9,791535
2015,10,789597
2015,11,785197
2015,12,788173
2015,13,804331
2015,14,819876
2015,15,784369
2015,16,781334
2015,17,764284
2015,18,768554
2015,19,756117
2015,20,728533
2015,21,719569
2015,22,748196
2015,23,750374
2015,24,760058
2015,25,759209
2015,26,764301
2015,27,765111
2015,28,777812
2015,29,778328
2015,30,774215
2015,31,766175
2015,32,815736
2015,33,824982
2015,34,837454
2015,35,793682
2015,36,779405
2015,37,788079
2015,38,768755
2015,39,791386
2015,40,835894
2015,41,885635
2015,42,904013
2015,43,899266
2015,44,883519
2015,45,870098
2015,46,862530
2015,47,859963
2015,48,878857
2015,49,881322
2015,50,890793
2015,51,880704
2015,52,848598
2015,53,850844
2015,54,848050
2015,55,842921
2015,56,824332
2015,57,820974
2015,58,814587
2015,59,806372
2015,60,804955
2015,61,787877
2015,62,798722
2015,63,779607
2015,64,808534
2015,65,793955
2015,66,788191
2015,67,772311
2015,68,729348
2015,69,547094
2015,70,533370
2015,71,517917
2015,72,476770
2015,73,423522
2015,74,438446
2015,75,455726
2015,76,445526
2015,77,431988
2015,78,427694
2015,79,411154
2015,80,408496
2015,81,382374
2015,82,380501
2015,83,355897
2015,84,337293
2015,85,297005
2015,86,272837
2015,87,243061
2015,88,218021
2015,89,192924
2015,90,163302
2015,91,138957
2015,92,116263
2015,93,96053
2015,94,76384
2015,95,35841
2015,96,23212
2015,97,15457
2015,98,9955
2015,99,8478
2015,100,23393
2016,0,719056
2016,1,741330
2016,2,750605
2016,3,768817
2016,4,779322
2016,5,802045
2016,6,796940
2016,7,802825
2016,8,797236
2016,9,812139
2016,10,793595
2016,11,790311
2016,12,787157
2016,13,790044
2016,14,806703
2016,15,821553
2016,16,787468
2016,17,780381
2016,18,756623
2016,19,761376
2016,20,745736
2016,21,718819
2016,22,711465
2016,23,738250
2016,24,744142
2016,25,755046
2016,26,757118
2016,27,763915
2016,28,768527
2016,29,782399
2016,30,781254
2016,31,777265
2016,32,768991
2016,33,818815
2016,34,827635
2016,35,839815
2016,36,796648
2016,37,783361
2016,38,789874
2016,39,769144
2016,40,792642
2016,41,835966
2016,42,882534
2016,43,902488
2016,44,897632
2016,45,880641
2016,46,869062
2016,47,859725
2016,48,856621
2016,49,876595
2016,50,880381
2016,51,887326
2016,52,876962
2016,53,845751
2016,54,848375
2016,55,843903
2016,56,838995
2016,57,821310
2016,58,817109
2016,59,810020
2016,60,801775
2016,61,799221
2016,62,782456
2016,63,792312
2016,64,774082
2016,65,801436
2016,66,786704
2016,67,781919
2016,68,764624
2016,69,720517
2016,70,539807
2016,71,526454
2016,72,509919
2016,73,468961
2016,74,416006
2016,75,429987
2016,76,447631
2016,77,434768
2016,78,421243
2016,79,414928
2016,80,395823
2016,81,392302
2016,82,365473
2016,83,361343
2016,84,334973
2016,85,315539
2016,86,274539
2016,87,249642
2016,88,219629
2016,89,193948
2016,90,168565
2016,91,140404
2016,92,117192
2016,93,96346
2016,94,77854
2016,95,59799
2016,96,27377
2016,97,17226
2016,98,11073
2016,99,6916
2016,100,20296
2017,0,706335
2017,1,724701
2017,2,747057
2017,3,755872
2017,4,775525
2017,5,784123
2017,6,806132
2017,7,799723
2017,8,805999
2017,9,798548
2017,10,813412
2017,11,793006
2017,12,790984
2017,13,788467
2017,14,793354
2017,15,810935
2017,16,823649
2017,17,779828
2017,18,772916
2017,19,745582
2017,20,748190
2017,21,736254
2017,22,708795
2017,23,702680
2017,24,730987
2017,25,739102
2017,26,750379
2017,27,756873
2017,28,767871
2017,29,771825
2017,30,787714
2017,31,786685
2017,32,781344
2017,33,773462
2017,34,823172
2017,35,834096
2017,36,843754
2017,37,800953
2017,38,785686
2017,39,790213
2017,40,771142
2017,41,794571
2017,42,835577
2017,43,881704
2017,44,901587
2017,45,898206
2017,46,878297
2017,47,867836
2017,48,857219
2017,49,853540
2017,50,873486
2017,51,874901
2017,52,884071
2017,53,871432
2017,54,841129
2017,55,843342
2017,56,837940
2017,57,834073
2017,58,817308
2017,59,811111
2017,60,803628
2017,61,796266
2017,62,792387
2017,63,775422
2017,64,786286
2017,65,766815
2017,66,791794
2017,67,778012
2017,68,773476
2017,69,755422
2017,70,710373
2017,71,531439
2017,72,518158
2017,73,500981
2017,74,461038
2017,75,407822
2017,76,420604
2017,77,437280
2017,78,422761
2017,79,408650
2017,80,402471
2017,81,381406
2017,82,377126
2017,83,348763
2017,84,342015
2017,85,315263
2017,86,293985
2017,87,253161
2017,88,228062
2017,89,198047
2017,90,173273
2017,91,147968
2017,92,121424
2017,93,99633
2017,94,80313
2017,95,63907
2017,96,47767
2017,97,21246
2017,98,13155
2017,99,8243
2017,100,18636
2018,0,692610
2018,1,710548
2018,2,728947
2018,3,753219
2018,4,763211
2018,5,780589
2018,6,789472
2018,7,812153
2018,8,803078
2018,9,809783
2018,10,801172
2018,11,813929
2018,12,796196
2018,13,793303
2018,14,791791
2018,15,798746
2018,16,811981
2018,17,822764
2018,18,774368
2018,19,763655
2018,20,735945
2018,21,738192
2018,22,727291
2018,23,703269
2018,24,700291
2018,25,728632
2018,26,739472
2018,27,755534
2018,28,761926
2018,29,775437
2018,30,779245
2018,31,794268
2018,32,793096
2018,33,787639
2018,34,778272
2018,35,828319
2018,36,838211
2018,37,849719
2018,38,804136
2018,39,787879
2018,40,791832
2018,41,771466
2018,42,794992
2018,43,837345
2018,44,881627
2018,45,901303
2018,46,897299
2018,47,878189
2018,48,865886
2018,49,854366
2018,50,851713
2018,51,871473
2018,52,872755
2018,53,881409
2018,54,868066
2018,55,838629
2018,56,840277
2018,57,834655
2018,58,831532
2018,59,812185
2018,60,807063
2018,61,798677
2018,62,790556
2018,63,785798
2018,64,769830
2018,65,779986
2018,66,759318
2018,67,784500
2018,68,768973
2018,69,764433
2018,70,746007
2018,71,700594
2018,72,523076
2018,73,509210
2018,74,492324
2018,75,451571
2018,76,399215
2018,77,410448
2018,78,425884
2018,79,410557
2018,80,396309
2018,81,387066
2018,82,365507
2018,83,358107
2018,84,329251
2018,85,321151
2018,86,292738
2018,87,269941
2018,88,228372
2018,89,203495
2018,90,173776
2018,91,149346
2018,92,124964
2018,93,100248
2018,94,80601
2018,95,62857
2018,96,49007
2018,97,35628
2018,98,15344
2018,99,9308
2018,100,17714
2019,0,680686
2019,1,696902
2019,2,714784
2019,3,734622
2019,4,759645
2019,5,768279
2019,6,784862
2019,7,793424
2019,8,815178
2019,9,805375
2019,10,811757
2019,11,801379
2019,12,815861
2019,13,798000
2019,14,796242
2019,15,795465
2019,16,800729
2019,17,808712
2019,18,815867
2019,19,765201
2019,20,752583
2019,21,726219
2019,22,729203
2019,23,719219
2019,24,698016
2019,25,696167
2019,26,726498
2019,27,741001
2019,28,759727
2019,29,767085
2019,30,780652
2019,31,784297
2019,32,798745
2019,33,797695
2019,34,791602
2019,35,782974
2019,36,831987
2019,37,842894
2019,38,852113
2019,39,805094
2019,40,789497
2019,41,792622
2019,42,770550
2019,43,794946
2019,44,836603
2019,45,880755
2019,46,899915
2019,47,895981
2019,48,875673
2019,49,863212
2019,50,852538
2019,51,848155
2019,52,868556
2019,53,869134
2019,54,877985
2019,55,864185
2019,56,834506
2019,57,836615
2019,58,831398
2019,59,826433
2019,60,807360
2019,61,801788
2019,62,792902
2019,63,783871
2019,64,780112
2019,65,763229
2019,66,771950
2019,67,752191
2019,68,775805
2019,69,759573
2019,70,754649
2019,71,735706
2019,72,689980
2019,73,514152
2019,74,500355
2019,75,482733
2019,76,442692
2019,77,389886
2019,78,399970
2019,79,413519
2019,80,397596
2019,81,381695
2019,82,371697
2019,83,348325
2019,84,338761
2019,85,309949
2019,86,298928
2019,87,269795
2019,88,246061
2019,89,204715
2019,90,180014
2019,91,151128
2019,92,127500
2019,93,104715
2019,94,82779
2019,95,64486
2019,96,49158
2019,97,36998
2019,98,26254
2019,99,11018
2019,100,18227
2020,0,675060
2020,1,685011
2020,2,701142
2020,3,720498
2020,4,741089
2020,5,764743
2020,6,772569
2020,7,788813
2020,8,796441
2020,9,817454
2020,10,807315
2020,11,811962
2020,12,803301
2020,13,817662
2020,14,800930
2020,15,799893
2020,16,797412
2020,17,797414
2020,18,801769
2020,19,806671
2020,20,754148
2020,21,742886
2020,22,717265
2020,23,721184
2020,24,714001
2020,25,693943
2020,26,694029
2020,27,728010
2020,28,745129
2020,29,764879
2020,30,772366
2020,31,785633
2020,32,788744
2020,33,803360
2020,34,801632
2020,35,796269
2020,36,786683
2020,37,836681
2020,38,845271
2020,39,853041
2020,40,806731
2020,41,790294
2020,42,791764
2020,43,770574
2020,44,794359
2020,45,835932
2020,46,879467
2020,47,898518
2020,48,893502
2020,49,873053
2020,50,861368
2020,51,849035
2020,52,845264
2020,53,864937
2020,54,865851
2020,55,874181
2020,56,860045
2020,57,831295
2020,58,833433
2020,59,826522
2020,60,821561
2020,61,802214
2020,62,796085
2020,63,786416
2020,64,778353
2020,65,773320
2020,66,755387
2020,67,764802
2020,68,743958
2020,69,766463
2020,70,749728
2020,71,744163
2020,72,724599
2020,73,678694
2020,74,505356
2020,75,490482
2020,76,473283
2020,77,432434
2020,78,380081
2020,79,388601
2020,80,400633
2020,81,382979
2020,82,366728
2020,83,354666
2020,84,329790
2020,85,319131
2020,86,288850
2020,87,276208
2020,88,246016
2020,89,221597
2020,90,181796
2020,91,157125
2020,92,129214
2020,93,107136
2020,94,86264
2020,95,66597
2020,96,50787
2020,97,37371
2020,98,27440
2020,99,19067
2020,100,20040
2021,0,658588
2021,1,679956
2021,2,689938
2021,3,707770
2021,4,728150
2021,5,747654
2021,6,770930
2021,7,778634
2021,8,794094
2021,9,801124
2021,10,821884
2021,11,809995
2021,12,816356
2021,13,807541
2021,14,822951
2021,15,806952
2021,16,804155
2021,17,796286
2021,18,792307
2021,19,794177
2021,20,796955
2021,21,745574
2021,22,734817
2021,23,710002
2021,24,716620
2021,25,710452
2021,26,692322
2021,27,695971
2021,28,732533
2021,29,750603
2021,30,770410
2021,31,777614
2021,32,790322
2021,33,793565
2021,34,807464
2021,35,806463
2021,36,800110
2021,37,791623
2021,38,839264
2021,39,846338
2021,40,854770
2021,41,807653
2021,42,789529
2021,43,791847
2021,44,770164
2021,45,793801
2021,46,834921
2021,47,878338
2021,48,896104
2021,49,890924
2021,50,871322
2021,51,857930
2021,52,846278
2021,53,841893
2021,54,861672
2021,55,862295
2021,56,870025
2021,57,856579
2021,58,828158
2021,59,828383
2021,60,821730
2021,61,816213
2021,62,796308
2021,63,789327
2021,64,780690
2021,65,771418
2021,66,764977
2021,67,747944
2021,68,756004
2021,69,734385
2021,70,755916
2021,71,738603
2021,72,732286
2021,73,711899
2021,74,666143
2021,75,494612
2021,76,479831
2021,77,461316
2021,78,420373
2021,79,368071
2021,80,375182
2021,81,384711
2021,82,366522
2021,83,348366
2021,84,334361
2021,85,308793
2021,86,295741
2021,87,264598
2021,88,250078
2021,89,219247
2021,90,195077
2021,91,156238
2021,92,132681
2021,93,107071
2021,94,86900
2021,95,68228
2021,96,51511
2021,97,38085
2021,98,27357
2021,99,19488
2021,100,26512
2022,0,690942
2022,1,695063
2022,2,716123
2022,3,725576
2022,4,743039
2022,5,762367
2022,6,783332
2022,7,810097
2022,8,817631
2022,9,835242
2022,10,840895
2022,11,862319
2022,12,853243
2022,13,859175
2022,14,854278
2022,15,867238
2022,16,849665
2022,17,841314
2022,18,831528
2022,19,827807
2022,20,830697
2022,21,835200
2022,22,778873
2022,23,765236
2022,24,741535
2022,25,746399
2022,26,738131
2022,27,722662
2022,28,728320
2022,29,764166
2022,30,779572
2022,31,801165
2022,32,806948
2022,33,821127
2022,34,824250
2022,35,839830
2022,36,838306
2022,37,834328
2022,38,820145
2022,39,868806
2022,40,874869
2022,41,886274
2022,42,837272
2022,43,818115
2022,44,820176
2022,45,799456
2022,46,824241
2022,47,866161
2022,48,907462
2022,49,927759
2022,50,921723
2022,51,900060
2022,52,888235
2022,53,875245
2022,54,871895
2022,55,890989
2022,56,891608
2022,57,899644
2022,58,887307
2022,59,856255
2022,60,853667
2022,61,846060
2022,62,839655
2022,63,816587
2022,64,809514
2022,65,800032
2022,66,787325
2022,67,779454
2022,68,760616
2022,69,768507
2022,70,743139
2022,71,764252
2022,72,744985
2022,73,736777
2022,74,715221
2022,75,666821
2022,76,498019
2022,77,478997
2022,78,459971
2022,79,418516
2022,80,365621
2022,81,371202
2022,82,379585
2022,83,357369
2022,84,337938
2022,85,322009
2022,86,294853
2022,87,278596
2022,88,246130
2022,89,229535
2022,90,197481
2022,91,172622
2022,92,135469
2022,93,111515
2022,94,88537
2022,95,69657
2022,96,53102
2022,97,38627
2022,98,27946
2022,99,19134
2022,100,31037