Age,1971-01-01,1972-01-01,1973-01-01,1974-01-01,1975-01-01,1976-01-01,1977-01-01,1978-01-01,1979-01-01,1980-01-01,1981-01-01,1982-01-01,1983-01-01,1984-01-01,1985-01-01,1986-01-01,1987-01-01,1988-01-01,1989-01-01,1990-01-01,1991-01-01,1992-01-01,1993-01-01,1994-01-01,1995-01-01,1996-01-01,1997-01-01,1998-01-01,1999-01-01,2000-01-01,2001-01-01,2002-01-01,2003-01-01,2004-01-01,2005-01-01,2006-01-01,2007-01-01,2008-01-01,2009-01-01,2010-01-01,2011-01-01,2012-01-01,2013-01-01,2014-01-01,2015-01-01,2016-01-01,2017-01-01,2018-01-01,2019-01-01,2020-01-01,2021-01-01
Y_LT1,31371,30508,29256,28103,26703,25979,25960,25893,26812,27707,27249,26753,26790,26832,27373,27601,27764,27368,26348,25930,25898,25673,24626,24308,23831,23668,24428,23574,23231,22248,21541,21297,21290,21946,22525,22693,23823,25237,25249,24964,25364,25307,24631,24255,24249,24486,23686,23156,22721,21948,
Y_1,31389,30765,29794,28816,27696,26383,25678,25661,25706,26646,27870,27146,26608,26662,26753,27172,27368,27503,27120,26226,25992,25989,25681,24593,24380,24031,23731,24432,23622,23202,22227,21444,21206,21153,22062,22671,22983,24108,25443,25486,25166,25505,25573,24835,24485,24498,24733,23970,23408,22844,
Y_2,31578,30876,30132,29410,28492,27435,26139,25457,25528,25598,26827,27702,27104,26531,26568,26740,26988,27130,27262,26918,26257,25990,26096,25729,24614,24559,24101,23807,24349,23620,23378,22334,21556,21352,21354,22243,22789,23176,24240,25579,25600,25230,25545,25730,25018,24656,24651,24917,24206,23523,
Y_3,31835,31077,30254,29763,29091,28240,27202,25923,25330,25430,25746,26605,27604,27070,26421,26477,26647,26737,26883,27031,26807,26345,26027,26119,25707,24745,24550,24121,23862,24331,23441,23456,22405,21622,21471,21555,22362,22892,23228,24288,25600,25645,25244,25612,25855,25155,24718,24780,25074,24288,
Y_4,31605,31339,30461,29901,29454,28847,28018,26990,25799,25230,25099,25555,26480,27526,27019,26312,26328,26504,26511,26671,26923,26848,26412,26002,26116,25869,24803,24508,24128,23929,24311,23557,23514,22476,21756,21642,21757,22442,22794,23273,24364,25637,25680,25349,25709,25974,25213,24913,24960,25133,
Y_5,32476,31369,30988,30276,29721,29316,28707,27871,26900,25739,25103,24973,25498,26421,27474,27025,26207,26199,26433,26360,26617,26968,26864,26395,26008,26200,25838,24815,24459,24099,23655,24294,23602,23528,22629,21873,21784,21878,22390,22710,23211,24328,25601,25692,25414,25781,26062,25299,24998,24957,
Y_6,33161,32248,31024,30812,30104,29532,29181,28564,27737,26848,25624,24914,24831,25351,26247,27326,26871,25953,25978,26284,26204,26746,27050,26837,26380,26100,26215,25832,24862,24408,24116,23695,24312,23603,23617,22756,21991,21852,21839,22372,22581,23200,24360,25658,25729,25462,25885,26150,25373,25015,
Y_7,32509,32930,31896,30841,30632,29966,29395,29034,28471,27679,26745,25497,24879,24795,25287,26171,27236,26789,25824,25879,26305,26329,26774,27063,26848,26482,26109,26202,25731,24846,24388,24150,23742,24357,23754,23729,22893,22106,21895,21856,22326,22608,23239,24450,25752,25809,25559,25961,26274,25415,
Y_8,31330,32283,32582,31722,30666,30491,29825,29249,28938,28420,27603,26561,25424,24853,24743,25227,26053,27112,26716,25709,25842,26346,26466,26804,27079,26911,26475,26129,26171,25666,24706,24450,24196,23810,24383,23872,23873,22980,22139,21908,21814,22347,22656,23344,24536,25830,25892,25695,26099,26348,
Y_9,30222,31097,31932,32408,31545,30524,30355,29686,29157,28886,28355,27438,26452,25390,24845,24728,25160,25937,27033,26687,25694,25948,26348,26510,26879,27160,26897,26477,26055,26166,25779,24714,24509,24252,23935,24453,24010,23922,23017,22123,21889,21828,22389,22706,23393,24643,25899,26010,25802,26139,
Y_10,29219,30145,30911,31865,32308,31473,30444,30253,29591,29131,28954,28013,27366,26393,25384,24876,24711,25114,25875,27008,26757,25772,26071,26374,26618,26985,27150,26930,26400,26035,26083,25700,24719,24571,24333,24071,24569,24173,23975,23022,22139,21939,21841,22481,22775,23470,24708,26010,26127,25841,
Y_11,28210,29142,29963,30841,31766,32233,31391,30342,30162,29567,29205,28689,27720,27297,26313,25372,24874,24675,25071,25812,27007,26737,25916,26183,26389,26790,27038,27178,26914,26380,26140,26045,25605,24714,24661,24470,24223,24648,24258,23990,23027,22166,21974,21951,22543,22860,23547,24809,26142,26161,
Y_12,27213,28140,28970,29896,30744,31692,32150,31283,30252,30135,29644,28956,28444,27412,27197,26217,25313,24831,24627,25011,25797,26946,26690,25939,26312,26471,26901,27061,27149,26968,26349,26112,26015,25541,24788,24767,24593,24370,24729,24325,24029,23057,22192,22058,22056,22619,22939,23642,24935,26217,
Y_13,27323,27136,27965,28905,29798,30673,31611,32045,31187,30226,30223,29482,28771,28237,27119,27127,26116,25268,24825,24618,25029,25723,26907,26658,25976,26473,26493,26977,27076,27115,26918,26320,26094,25999,25492,24888,24915,24671,24429,24751,24369,24066,23096,22297,22130,22146,22690,23070,23761,24962,
Y_14,27172,27241,26956,27893,28813,29728,30594,31504,31942,31155,30313,29984,29340,28577,27999,26811,27012,25985,25216,24805,24620,25004,25648,26824,26617,26080,26578,26530,27005,27090,27241,26890,26300,26058,25983,25471,24994,25025,24760,24499,24784,24441,24134,23162,22357,22216,22238,22791,23162,23836,
Y_15,26131,26389,26345,26418,27451,28455,29406,30301,31318,31615,29498,30027,29742,29183,28356,27739,26467,26868,25847,25146,24790,24605,24952,25561,26703,26603,26141,26679,26496,27086,27260,27198,26842,26265,26027,25995,25514,25005,25135,24813,24543,24837,24452,24203,23199,22396,22264,22337,22883,23189,
Y_16,25297,25358,25505,25802,25983,27094,28137,29115,30114,30989,29967,29393,29806,29561,29071,28189,27519,26166,26782,25763,25166,24669,24607,24889,25462,26616,26512,26163,26717,26433,27269,27207,27164,26798,26254,26040,25991,25497,25066,25177,24863,24565,24836,24509,24271,23263,22443,22355,22396,22918,
Y_17,25580,24884,24905,25392,25761,26070,27161,28267,29304,30135,29631,29949,29378,29657,29435,29009,28071,27358,25933,26770,25776,25025,24580,24505,24762,25360,26493,26375,26139,26782,26372,27278,27229,27119,26777,26268,26088,25963,25464,25112,25269,24868,24572,24869,24562,24303,23276,22519,22384,22374,
Y_18,24406,23281,22453,23024,24534,25082,25328,26396,27494,28386,28713,29823,30134,29517,29682,29475,29166,28114,27392,25891,26976,25937,25382,24479,22960,23315,23771,24527,24272,24408,26192,26194,26986,27242,27175,26925,26360,26155,26184,25585,25316,25313,24844,24689,24973,24526,24380,23357,22501,22336,
Y_19,24386,23736,22512,21992,22647,24248,24826,25090,26226,27187,27811,28630,29649,29911,29330,29353,29233,28853,27805,27081,25631,26180,24987,23827,23361,22210,22542,22743,23227,23200,22852,25427,25114,26219,26383,26262,26127,25687,25590,25554,25017,24540,24312,23738,23605,23885,23255,23323,22233,21051,
Y_20,25510,24780,24276,23730,23172,23955,24704,25286,25889,27003,27472,26649,27508,28397,28707,28122,28041,27676,27489,26461,26019,25113,25650,24371,23312,23172,21919,22151,22105,22733,22812,22505,24662,24284,25128,25349,25228,25236,24856,24714,24852,24027,23709,23992,23460,23387,23101,22944,23073,21592,
Y_21,25092,24340,23360,23239,22730,22780,23360,24212,25053,25526,26217,26173,25559,26368,27176,27473,26924,26411,26199,26192,25491,26056,25184,25426,24044,23073,22936,21890,21701,21877,22661,22751,22426,24277,24209,25046,25309,25322,25227,24921,24740,24636,24481,23676,23826,23223,23033,23061,22790,22625,
Y_22,24351,23911,22912,22328,22239,22333,22197,22869,23996,24705,24732,25568,25665,25166,25983,26672,26974,26179,25643,25538,25896,25724,26246,25188,25058,24104,23003,22691,21674,21570,21943,22561,22698,22524,24292,24328,25308,25519,25628,25324,24866,24835,24666,24508,23838,23785,23217,23068,23077,22500,
Y_23,23390,23183,22497,21888,21342,21857,21750,21717,22653,23643,23898,24248,25297,25413,25066,25853,26419,26460,25775,25193,25458,25978,25651,25971,24660,24802,23825,22673,22019,21325,21115,21982,22544,22868,22893,24554,24781,25540,25648,25682,25163,25077,24715,24672,24637,23815,23745,23337,23155,22840,
Y_24,22578,22229,21777,21466,20901,20966,21281,21261,21507,22303,22825,23525,24070,25123,25311,25094,25832,26008,26168,25566,25194,25894,26241,25656,25809,24755,24792,23561,22315,21868,20963,21307,21976,22977,23283,23455,24963,25041,25744,25630,25425,25295,24625,24689,24781,24534,23562,23581,23264,22767,
Y_25,21002,22268,21666,21201,20804,20459,20178,20497,20493,20722,21543,21820,22711,23256,24371,24602,24451,24879,25057,25276,24990,24724,25238,25627,25077,25581,24489,24491,22954,21932,21776,21129,21483,22210,23391,23670,24080,25269,25273,25597,25348,25229,24800,24555,24588,24714,24460,23565,23626,22858,
Y_26,20602,20847,21927,21350,20790,20559,20172,19953,20327,20326,20485,21309,21830,22718,23212,24360,24561,24350,24822,24938,25424,25468,25132,25463,25550,25357,25675,24557,24167,22939,21666,21955,21331,21620,22554,23918,24415,24571,25276,25195,25312,25205,25009,24851,24606,24620,24729,24544,23669,23452,
Y_27,20764,20439,20502,21620,20928,20552,20273,19952,19787,20163,20085,20238,21253,21811,22687,23130,24259,24321,24284,24763,24986,25872,25733,25445,25582,25827,25540,25688,24415,24084,22710,21973,22034,21506,21930,23109,24624,24914,24674,25015,24955,25298,24975,25001,24945,24657,24706,24855,24831,23535,
Y_28,20560,20600,20094,20188,21201,20685,20269,20053,19779,19620,19919,19762,20055,21107,21719,22585,22941,23910,24062,24179,24819,25337,26063,25850,25389,25746,25865,25382,25479,24448,24077,22850,22161,22015,21846,22352,23610,25093,25220,24785,24724,24850,25031,25033,25012,24980,24686,24866,25119,24799,
Y_29,18572,20394,20254,19779,19781,20959,20401,20052,19892,19613,19366,19675,19657,19949,21044,21709,22519,22681,23710,23926,24325,25194,25507,26271,25868,25718,25894,25793,25190,25316,24372,24334,23104,22220,22261,22125,22862,23929,25265,25287,24658,24550,24670,24942,25174,25075,25046,24733,25080,25175,
Y_30,17689,18250,19835,19663,19160,19299,20546,20064,19771,19655,19449,19195,19680,19703,19993,21134,21797,22458,22620,23675,24085,24565,25332,25623,26203,26041,25830,25884,25539,25155,25247,24571,24493,23117,22433,22531,22522,23164,24092,25327,25296,24619,24411,24651,25024,25211,25200,25222,24985,25065,
Y_31,17726,17621,18063,19669,19467,19000,19214,20415,19958,19673,19601,19359,19200,19763,19814,20101,21230,21826,22503,22636,23836,24292,24680,25375,25688,26399,26016,25958,25771,25572,25119,25307,24604,24466,23427,22664,22939,22758,23281,24113,25327,25170,24486,24415,24700,25022,25351,25422,25351,25035,
Y_32,17779,17665,17442,17909,19471,19303,18900,19083,20319,19858,19619,19523,19412,19227,19863,19928,20184,21260,21919,22584,22745,23928,24352,24746,25368,25978,26555,26110,25841,25749,25513,25285,25373,24734,24668,23703,23132,23132,22942,23284,24095,25191,24965,24402,24444,24675,25015,25445,25554,25323,
Y_33,17224,17713,17482,17291,17716,19300,19205,18772,18980,20221,19808,19493,19476,19402,19194,19893,19964,20121,21252,21962,22692,22963,24036,24472,24826,25599,26121,26715,26047,25914,25863,25577,25365,25472,24979,24807,23987,23426,23193,22952,23168,23983,25035,24921,24450,24432,24702,25144,25622,25548,
Y_34,17350,17164,17537,17323,17105,17555,19214,19078,18672,18879,20176,19667,19408,19420,19398,19169,19897,19907,20088,21252,22074,22801,23008,24050,24460,24988,25586,26205,26682,26128,25967,25961,25666,25454,25630,25163,25081,24230,23542,23172,22841,23084,23854,25028,25012,24489,24454,24836,25249,25611,
Y_35,16993,17274,16959,17332,17074,16834,17331,18940,18828,18516,19071,20081,19635,19367,19392,19430,19144,19868,19906,20098,21333,22158,22852,23012,24060,24587,25106,25661,26201,26751,26314,26107,26091,25779,25712,25834,25334,25121,24279,23533,23027,22750,22920,23841,24963,25000,24488,24574,24998,25179,
Y_36,16355,16966,17146,16842,17182,16899,16743,17222,18844,18822,18829,19017,20136,19690,19423,19476,19548,19159,19966,20030,20255,21482,22220,22908,23090,24188,24860,25067,25705,26264,26684,26424,26163,26179,25896,25857,25906,25483,25173,24217,23486,22980,22651,22907,23892,24967,25043,24527,24669,24942,
Y_37,16136,16328,16840,17031,16704,17010,16798,16633,17124,18827,19134,18751,18945,20132,19710,19429,19504,19552,19147,20025,20147,20381,21549,22220,22924,23191,24308,24806,25068,25736,26479,26712,26441,26215,26311,26057,25992,25970,25478,25081,24193,23448,22802,22646,22878,23987,24951,25117,24596,24627,
Y_38,16289,16103,16199,16719,16880,16528,16907,16698,16532,17108,19138,18986,18686,18851,20101,19686,19389,19423,19531,19116,20076,20230,20429,21563,22208,23053,23312,24239,24793,25070,25617,26536,26796,26599,26321,26452,26205,26009,26035,25460,25064,24100,23336,22746,22707,22884,24023,25032,25205,24503,
Y_39,16164,16261,15977,16080,16569,16712,16433,16792,16608,16515,17390,19032,18956,18671,18817,20129,19718,19370,19434,19593,19176,20187,20275,20485,21587,22281,23195,23298,24213,24861,25130,25627,26516,26837,26634,26433,26571,26302,26045,26039,25440,24944,24048,23334,22768,22723,22916,24086,25115,25101,
Y_40,16560,16031,16004,15716,15795,16266,16489,16206,16587,16428,16320,17301,18976,18916,18673,18792,20153,19715,19369,19458,19678,19246,20217,20255,20488,21639,22247,23148,23274,24171,25005,25051,25648,26526,26896,26605,26494,26704,26263,25983,26015,25390,24874,24022,23313,22787,22769,22975,24122,25066,
Y_41,16524,16536,15932,15932,15608,15662,16190,16400,16125,16522,16329,16242,17275,18940,18899,18693,18778,20173,19747,19401,19538,19668,19282,20251,20282,20595,21697,22295,23168,23205,24200,24982,25050,25718,26612,26935,26671,26593,26640,26310,25996,25988,25253,24863,23960,23294,22792,22803,23009,24102,
Y_42,16349,16487,16424,15856,15818,15478,15584,16091,16321,16053,16418,16187,16173,17218,18869,18861,18675,18707,20160,19765,19430,19635,19637,19294,20276,20348,20628,21756,22264,23153,23321,24219,24963,25102,25808,26680,27082,26733,26627,26646,26278,25932,25846,25217,24882,23960,23302,22873,22858,23018,
Y_43,16288,16319,16382,16343,15734,15666,15382,15492,16012,16255,15947,16325,16095,16119,17172,18830,18809,18657,18653,20169,19823,19464,19641,19588,19283,20322,20384,20682,21746,22297,23294,23299,24178,24966,25160,25826,26738,27083,26715,26641,26624,26209,25785,25776,25251,24860,23935,23304,22935,22866,
Y_44,16938,16254,16212,16289,16221,15587,15570,15280,15400,15931,16139,15839,16237,15984,16055,17117,18764,18734,18630,18590,20180,19816,19454,19660,19566,19324,20333,20419,20698,21754,22398,23234,23261,24139,24991,25232,25903,26794,27093,26723,26631,26589,26119,25750,25797,25254,24860,23960,23330,22892,
Y_45,16668,16750,15978,15979,16060,16000,15431,15404,15135,15276,15853,16042,15786,16175,15905,16021,17053,18701,18700,18641,18602,20220,19840,19464,19674,19578,19376,20334,20460,20732,21857,22374,23199,23251,24190,25020,25351,25997,26806,27125,26705,26577,26571,26091,25778,25761,25251,24920,23983,23277,
Y_46,16351,16519,16537,15847,15834,15899,15877,15304,15313,15060,15243,15770,15974,15738,16129,15839,15983,17004,18662,18690,18670,18623,20215,19791,19503,19693,19589,19424,20332,20498,20538,21772,22328,23164,23287,24159,25073,25422,26050,26789,27142,26699,26565,26577,26074,25740,25734,25226,24946,23898,
Y_47,16722,16212,16317,16388,15696,15672,15774,15747,15199,15241,15026,15137,15701,15914,15671,16060,15759,15924,16947,18617,18682,18633,18602,20220,19761,19559,19713,19595,19462,20310,20596,20472,21734,22333,23177,23342,24170,25094,25435,26067,26738,27074,26598,26516,26585,26037,25761,25723,25284,24860,
Y_48,16923,16566,15995,16157,16214,15513,15548,15623,15636,15112,15201,14943,15061,15648,15858,15629,16003,15679,15859,16910,18574,18685,18639,18591,20204,19777,19591,19690,19541,19490,20484,20558,20461,21687,22324,23196,23439,24177,25109,25448,26091,26682,27072,26563,26497,26551,26039,25773,25769,25212,
Y_49,17432,16773,16353,15844,15990,16024,15364,15395,15500,15542,15063,15135,14891,15003,15600,15814,15570,15939,15601,15823,16895,18586,18693,18609,18608,20223,19794,19600,19694,19481,19420,20402,20522,20457,21655,22337,23232,23457,24148,25089,25413,26042,26616,27009,26534,26458,26537,26074,25798,25692,
Y_50,17791,17139,16410,16077,15569,15719,15806,15164,15263,15380,15427,14954,15034,14783,14874,15506,15716,15457,15832,15480,15733,16883,18529,18663,18547,18626,20183,19779,19599,19672,19536,19386,20314,20450,20460,21625,22346,23239,23433,24095,25022,25362,25969,26561,26967,26483,26415,26526,26064,25727,
Y_51,17694,17516,16805,16136,15859,15361,15546,15616,15044,15157,15269,15345,14887,14977,14707,14787,15447,15646,15384,15766,15418,15683,16855,18481,18629,18541,18594,20153,19734,19594,19692,19492,19348,20199,20410,20484,21615,22337,23223,23392,24055,24958,25311,25937,26501,26941,26392,26359,26499,25966,
Y_52,16139,17395,17160,16563,15897,15622,15170,15322,15492,14928,15040,15218,15269,14833,14922,14639,14703,15391,15586,15323,15717,15406,15622,16798,18413,18603,18493,18594,20097,19701,19471,19658,19440,19299,20134,20377,20476,21545,22289,23175,23378,24013,24926,25252,25879,26462,26878,26376,26301,26424,
Y_53,14567,15826,17030,16897,16282,15641,15408,14958,15182,15365,14797,14948,15181,15196,14783,14851,14557,14614,15325,15524,15295,15707,15364,15545,16743,18407,18562,18433,18566,20043,19518,19428,19609,19373,19262,20050,20317,20441,21484,22231,23089,23297,23917,24870,25218,25805,26401,26815,26344,26221,
Y_54,14645,14276,15484,16740,16623,16022,15401,15180,14831,15008,15202,14646,14827,15097,15067,14679,14730,14411,14463,15208,15419,15285,15649,15302,15472,16699,18379,18510,18346,18511,20128,19471,19381,19529,19330,19254,19990,20268,20380,21406,22169,23029,23263,23865,24822,25151,25736,26341,26776,26245,
Y_55,15100,14349,13928,15157,16435,16378,15772,15168,15012,14703,15100,15103,14578,14771,15033,14984,14607,14646,14317,14355,15145,15374,15251,15602,15248,15456,16678,18326,18465,18249,18471,20037,19404,19359,19461,19262,19162,19917,20191,20344,21309,22097,22924,23194,23800,24736,25094,25656,26255,26669,
Y_56,15878,14827,14035,13685,14900,16165,16124,15529,14968,14848,14762,15008,15008,14520,14695,14983,14891,14521,14551,14223,14266,15100,15318,15169,15522,15211,15388,16593,18250,18390,17979,18408,19955,19371,19320,19399,19216,19112,19820,20080,20277,21207,21997,22823,23108,23691,24666,25036,25575,26150,
Y_57,15718,15575,14484,13768,13432,14643,15888,15819,15334,14801,14906,14643,14915,14898,14412,14590,14892,14753,14432,14430,14131,14227,15033,15247,15091,15488,15145,15292,16499,18184,18343,17956,18358,19863,19310,19286,19321,19132,19037,19682,19973,20191,21097,21900,22757,22987,23591,24589,24950,25481,
Y_58,15714,15381,15202,14192,13504,13156,14384,15610,15594,15130,14824,14754,14496,14816,14767,14297,14453,14738,14611,14308,14318,14089,14143,14937,15167,15045,15416,15092,15199,16408,18225,18295,17911,18294,19757,19249,19209,19234,19037,18951,19559,19893,20111,21030,21792,22655,22895,23516,24494,24836,
Y_59,15297,15354,14988,14870,13907,13252,12911,14104,15364,15406,15172,14677,14640,14378,14705,14630,14147,14311,14639,14474,14216,14246,14015,14056,14827,15120,14944,15339,14994,15084,16283,18100,18205,17862,18215,19633,19172,19113,19160,18912,18812,19460,19773,20044,20888,21691,22567,22799,23380,24367,
Y_60,15851,15565,15585,15227,15159,14118,13539,13119,14285,15149,15364,14993,14522,14512,14247,14590,14485,14035,14200,14547,14390,14141,14139,13917,13972,14748,15051,14841,15251,14903,14962,16135,17988,18100,17830,18095,19471,19037,19015,19052,18802,18691,19322,19675,19880,20744,21542,22390,22651,23246,
Y_61,15324,15696,15287,15289,15015,14812,13913,13237,12870,13627,15137,15146,14805,14368,14386,14096,14455,14336,13888,14070,14428,14259,13997,13989,13811,13908,14627,14955,14752,15087,14784,14858,16050,17866,18045,17762,18024,19305,18949,18932,18938,18686,18588,19217,19510,19739,20636,21424,22266,22492,
Y_62,14949,15121,15377,14975,15087,14631,14560,13570,12957,12222,13558,14906,14956,14656,14257,14260,13985,14337,14209,13739,13942,14285,14131,13860,13814,13674,13828,14468,14835,14630,14894,14685,14750,15954,17725,17941,17645,17886,19143,18858,18778,18811,18601,18446,19037,19347,19629,20483,21269,22065,
Y_63,14372,14709,14772,15008,14713,14676,14345,14196,13245,12302,12123,13285,14631,14734,14441,14035,14068,13806,14191,14020,13572,13775,14091,13929,13713,13702,13555,13749,14303,14706,14594,14764,14551,14608,15854,17547,17791,17562,17769,18955,18732,18643,18685,18496,18318,18921,19194,19448,20328,21099,
Y_64,14002,14130,14360,14395,14739,14265,14410,13932,13877,12532,12149,11873,13035,14400,14530,14210,13817,13873,13627,14047,13850,13386,13593,13862,13775,13590,13524,13414,13595,14139,14509,14453,14630,14424,14458,15716,17359,17654,17455,17597,18779,18597,18448,18490,18333,18169,18777,19032,19290,20118,
Y_65,13012,13204,13240,13472,13534,13816,13420,13494,13129,13157,12444,11896,11642,12757,14151,14257,13988,13569,13669,13398,13884,13649,13201,13370,13625,13596,13394,13378,13259,13433,14053,14329,14272,14474,14256,14304,15536,17157,17508,17337,17431,18567,18397,18228,18297,18122,18018,18587,18881,19086,
Y_66,12452,12611,12799,12845,13110,13136,13423,13019,13099,12833,13087,12128,11644,11387,12479,13845,13985,13730,13351,13461,13193,13669,13431,12956,13121,13410,13406,13197,13164,13109,13268,13838,14124,14087,14290,14087,14134,15340,16943,17338,17192,17258,18384,18199,18048,18119,17951,17829,18421,18712,
Y_67,11865,12091,12245,12402,12445,12693,12741,13016,12637,12742,12697,12726,11811,11358,11131,12127,13558,13677,13428,13064,13235,12954,13373,13175,12720,12918,13157,13200,12991,12956,12866,13035,13598,13938,13897,14117,13885,13932,15160,16731,17164,16998,17016,18166,17984,17844,17884,17752,17636,18211,
Y_68,11302,11419,11651,11824,11990,12040,12220,12321,12640,12244,12576,12351,12392,11493,11078,10877,11840,13211,13372,13149,12796,12916,12710,13105,12926,12469,12638,12934,12937,12761,12776,12663,12790,13357,13716,13707,13927,13688,13725,14984,16513,16950,16821,16803,17932,17738,17641,17661,17509,17405,
Y_69,10648,10875,10999,11208,11406,11581,11563,11773,11903,12286,12106,12190,12013,12050,11140,10784,10592,11495,12898,13061,12837,12512,12590,12391,12792,12648,12196,12354,12626,12685,12581,12505,12414,12589,13106,13512,13479,13715,13494,13501,14751,16279,16697,16575,16552,17670,17490,17417,17426,17279,
Y_70,10534,10225,10461,10550,10754,10929,11097,11096,11316,11493,12040,11749,11857,11680,11705,10821,10522,10300,11169,12532,12778,12483,12131,12258,12077,12469,12361,11894,12045,12321,12477,12311,12233,12166,12356,12865,13245,13244,13516,13244,13291,14542,16010,16417,16285,16272,17368,17204,17173,17131,
Y_71,10157,10041,9751,9986,10062,10278,10436,10619,10591,10855,11221,11585,11345,11461,11278,11342,10474,10166,9964,10817,12195,12376,12076,11783,11878,11725,12069,12005,11600,11760,12053,12206,11993,11985,11888,12130,12606,12971,12956,13271,12957,13055,14286,15752,16116,16013,16028,17076,16941,16847,
Y_72,9366,9671,9573,9294,9500,9573,9801,9943,10144,10157,10626,10755,11104,10893,11047,10858,10912,10073,9838,9595,10395,11804,11973,11665,11374,11535,11362,11710,11663,11277,11417,11701,11849,11664,11688,11592,11857,12303,12672,12659,13025,12684,12833,13998,15449,15776,15702,15756,16795,16616,
Y_73,8662,8811,9144,9080,8868,8962,9071,9290,9421,9643,9877,10122,10258,10631,10429,10573,10386,10436,9698,9445,9234,10044,11352,11497,11257,10973,11149,11001,11321,11301,10979,11044,11362,11487,11350,11413,11327,11581,11994,12384,12348,12727,12408,12598,13706,15105,15460,15376,15445,16434,
Y_74,8253,8185,8356,8598,8566,8335,8400,8561,8787,8912,9364,9350,9625,9804,10101,9959,10097,9943,10021,9262,9078,8880,9661,10894,11028,10818,10528,10673,10623,10923,10946,10598,10701,10974,11115,11013,11055,11011,11292,11694,12079,12046,12448,12138,12250,13400,14720,15067,15045,15034,
Y_75,7922,7651,7610,7756,7938,8074,7787,7841,8053,8217,8478,8855,8883,9172,9296,9547,9505,9613,9527,9519,8862,8646,8472,9219,10419,10539,10345,10093,10204,10226,10481,10540,10189,10335,10526,10735,10641,10724,10694,10980,11323,11721,11719,12155,11769,11920,13036,14310,14655,14663,
Y_76,7164,7300,7059,7008,7173,7334,7515,7216,7286,7503,7836,7982,8320,8378,8628,8754,8989,8984,9153,9042,9051,8433,8253,8027,8781,9962,10048,9893,9617,9691,9939,10033,10150,9765,9950,10129,10356,10286,10329,10342,10677,10943,11334,11392,11760,11432,11578,12667,13914,14218,
Y_77,6399,6573,6738,6475,6412,6592,6774,6958,6654,6725,7136,7315,7513,7796,7869,8063,8237,8470,8512,8650,8584,8562,7954,7826,7630,8300,9419,9480,9408,9145,9083,9501,9595,9687,9376,9517,9683,9914,9902,10008,9976,10313,10562,10958,10974,11373,11049,11192,12285,13411,
Y_78,5798,5823,6026,6142,5891,5876,6030,6222,6434,6147,6425,6609,6839,7007,7291,7366,7587,7755,7960,7964,8116,8082,8058,7460,7369,7188,7838,8921,8941,8847,8908,8632,9026,9131,9165,8952,9076,9272,9493,9515,9622,9573,9917,10164,10582,10599,11005,10620,10838,11858,
Y_79,5047,5235,5290,5431,5552,5384,5295,5503,5693,5901,5834,5926,6066,6340,6597,6736,6873,7059,7207,7353,7461,7595,7537,7511,6989,6926,6716,7396,8401,8394,8340,8411,8167,8499,8636,8712,8475,8640,8816,9067,9108,9230,9144,9525,9726,10168,10130,10555,10182,10384,
Y_80,4528,4563,4786,4841,4877,5025,4882,4814,4931,5148,5740,5287,5435,5552,5853,6141,6282,6326,6572,6626,6863,6929,7024,6982,6987,6500,6458,6288,6962,7839,7697,7801,7889,7718,7981,8108,8170,8026,8170,8366,8654,8676,8797,8717,9048,9270,9696,9656,10111,9719,
Y_81,4083,4060,4128,4329,4304,4368,4488,4383,4280,4414,5002,5248,4792,4933,5076,5322,5730,5751,5785,6012,6085,6332,6416,6478,6477,6446,6001,5990,5826,6463,7568,7130,7266,7349,7211,7460,7557,7664,7585,7712,7908,8183,8182,8377,8225,8600,8788,9176,9166,9550,
Y_82,4151,3639,3647,3668,3845,3813,3891,4013,3849,3736,4219,4470,4772,4338,4467,4610,4871,5278,5239,5261,5489,5573,5792,5816,5904,5962,5917,5523,5453,5365,5904,6963,6617,6732,6792,6720,6959,6996,7107,7140,7263,7436,7685,7710,7868,7790,8113,8278,8685,8620,
Y_83,3091,3644,3174,3186,3214,3376,3310,3412,3496,3379,3584,3790,3972,4310,3909,3985,4189,4398,4929,4678,4771,4975,5054,5237,5274,5373,5376,5411,5000,4936,4871,5428,6374,6092,6173,6301,6233,6367,6454,6624,6589,6796,6920,7164,7195,7418,7280,7571,7767,8105,
Y_84,2627,2625,3217,2728,2742,2785,2880,2871,2929,3031,3225,3196,3377,3501,3896,3534,3588,3749,3962,4641,4185,4330,4499,4508,4662,4743,4824,4829,4859,4500,4423,4433,4934,5765,5578,5636,5781,5739,5825,5908,6126,6129,6290,6436,6598,6665,6884,6727,7110,7178,
Y_85,1985,2209,2245,2793,2297,2324,2400,2446,2433,2540,2951,2982,2987,3070,3174,3278,3391,3426,3597,3702,3765,3769,3814,4020,3974,4146,4194,4299,4264,4272,4119,3939,3995,4461,5218,5094,5107,5262,5235,5274,5365,5570,5540,5798,5921,6081,6136,6310,6219,6508,
Y_86,1711,1610,1868,1873,2374,1932,1945,2032,2039,2052,2448,2493,2530,2560,2642,2799,2891,2865,2974,3111,3260,3379,3338,3372,3541,3541,3626,3682,3767,3716,3790,3690,3459,3564,3963,4643,4552,4600,4694,4749,4793,4835,5029,5031,5281,5359,5496,5534,5789,5624,
Y_87,1228,1379,1309,1508,1487,2035,1574,1586,1647,1676,1991,2038,2086,2144,2176,2293,2422,2406,2459,2548,2653,2829,2984,2882,2933,3095,3030,3111,3164,3272,3225,3321,3230,3042,3161,3516,4103,4051,4105,4195,4300,4285,4284,4515,4484,4782,4753,4902,5005,5206,
Y_88,1018,935,1113,1006,1175,1157,1738,1260,1262,1353,1588,1637,1682,1741,1796,1866,1964,2003,2052,2089,2206,2291,2427,2611,2474,2559,2666,2578,2624,2686,2789,2819,2858,2780,2658,2780,3072,3508,3574,3615,3712,3789,3750,3817,4019,3986,4240,4159,4375,4427,
Y_89,811,788,728,823,756,916,849,1458,965,1011,1263,1295,1337,1382,1443,1523,1572,1609,1688,1712,1796,1895,1917,2050,2268,2109,2182,2238,2124,2139,2293,2391,2383,2453,2392,2310,2374,2607,2954,3144,3165,3194,3344,3245,3314,3522,3486,3677,3617,3796,
Y_OPEN,2264,2224,2246,2058,2030,1953,2010,2139,3109,3233,3900,3989,4166,4275,4446,4526,4609,4757,4772,4722,5502,5807,6103,6213,6497,6857,7049,7330,7295,7231,7244,7567,7891,8076,8463,8697,8738,8902,9170,9853,10430,11040,11337,12038,12441,12731,13043,13138,13734,13927,
